ITEM,TYPE,TOPSHELF BUFF 1,BUFF 2,BUFF 3,BUFF 4,BUFF 5,BUFF 6,L3 UNLOCK 1,L3 UNLOCK 2,L6 UNLOCK 1,L6 UNLOCK 2,L8 UNLOCK,MIDSHELF 1,MIDSHELF 2,MIDSHELF 3,MIDSHELF 4,MIDSHELF 5,MIDSHELF 6,MIDSHELF 7,MIDSHELF 8,MIDSHELF 9,MIDSHELF 10,VERIFIED BY
BABY MARIO,D,-NONE-,,,,,,,,,,,Battle Course 1,,,,,,,,,,spinachpants
BABY PEACH,D,-NONE-,,,,,,,,,,,-NONE-,,,,,,,,,,spinachpants
BABY DAISY,D,-NONE-,,,,,,,,,,,Cookie Land,,,,,,,,,,spinachpants
BABY ROSALINA,D,-NONE-,,,,,,,,,,,-NONE-,,,,,,,,,,spinachpants
BABY LUIGI,D,-NONE-,,,,,,,,,,,-NONE-,,,,,,,,,,spinachpants
KOOPA TROOPA,D,-NONE-,,,,,,,,,,,Battle Course 1,,,,,,,,,,spinachpants
SHY GUY,D,-NONE-,,,,,,,,,,,-NONE-,,,,,,,,,,spinachpants
DRY BONES,D,-NONE-,,,,,,,,,,,-NONE-,,,,,,,,,,spinachpants
IGGY,D,-NONE-,,,,,,,,,,,-NONE-,,,,,,,,,,spinachpants
LARRY,D,-NONE-,,,,,,,,,,,-NONE-,,,,,,,,,,spinachpants
LEMMY,D,-NONE-,,,,,,,,,,,-NONE-,,,,,,,,,,spinachpants
LUDWIG,D,-NONE-,,,,,,,,,,,-NONE-,,,,,,,,,,spinachpants
MORTON,D,-NONE-,,,,,,,,,,,-NONE-,,,,,,,,,,spinachpants
ROY,D,-NONE-,,,,,,,,,,,-NONE-,,,,,,,,,,spinachpants
WENDY,D,-NONE-,,,,,,,,,,,-NONE-,,,,,,,,,,spinachpants
MARIO,D,Battle Course 1,,,,,,,,,,,-NONE-,,,,,,,,,,spinachpants
PEACH,D,-NONE-,,,,,,,,,,,Cookie Land,,,,,,,,,,spinachpants
YOSHI,D,Battle Course 1,,,,,,,,,,,-NONE-,,,,,,,,,,spinachpants
DAISY,D,-NONE-,,,,,,,,,,,-NONE-,,,,,,,,,,spinachpants
TOADETTE,D,-NONE-,,,,,,,,,,,-NONE-,,,,,,,,,,spinachpants
ROSALINA,D,-NONE-,,,,,,,,,,,-NONE-,,,,,,,,,,spinachpants
LUIGI,D,-NONE-,,,,,,,,,,,Battle Course 1,,,,,,,,,,spinachpants
TOAD (PIT CREW),D,-NONE-,,,,,,,,,,,Battle Course 1,,,,,,,,,,spinachpants
RED YOSHI,D,-NONE-,,,,,,,,,,,-NONE-,,,,,,,,,,spinachpants
BOWSER,D,-NONE-,,,,,,,,,,,Battle Course 1,,,,,,,,,,spinachpants
DONKEY KONG,D,-NONE-,,,,,,,,,,,Battle Course 1,,,,,,,,,,spinachpants
DIDDY KONG,D,-NONE-,,,,,,,,,,,Cookie Land,,,,,,,,,,spinachpants
LAKITU,D,-NONE-,,,,,,,,,,,-NONE-,,,,,,,,,,spinachpants
BOWSER JR.,D,-NONE-,,,,,,,,,,,-NONE-,,,,,,,,,,spinachpants
WARIO,D,-NONE-,,,,,,,,,,,Battle Course 1,,,,,,,,,,spinachpants
WALUIGI,D,-NONE-,,,,,,,,,,,-NONE-,,,,,,,,,,spinachpants
KING BOO,D,-NONE-,,,,,,,,,,,-NONE-,,,,,,,,,,spinachpants
BLACK SHY GUY,D,-NONE-,,,,,,,,,,,-NONE-,,,,,,,,,,spinachpants
RED KOOPA (FREERUNNING),D,-NONE-,,,,,,,,,,,-NONE-,,,,,,,,,,spinachpants
BIRDO,D,-NONE-,,,,,,,,,,,-NONE-,,,,,,,,,,spinachpants
PINK SHY GUY,D,-NONE-,,,,,,,,,,,Cookie Land,,,,,,,,,,spinachpants
BIRDO (LIGHT BLUE),D,-NONE-,,,,,,,,,,,-NONE-,,,,,,,,,,spinachpants
HAMMER BRO,D,-NONE-,,,,,,,,,,,Battle Course 1,,,,,,,,,,spinachpants
BOOMERANG BRO,D,-NONE-,,,,,,,,,,,-NONE-,,,,,,,,,,spinachpants
ICE BRO,D,-NONE-,,,,,,,,,,,-NONE-,,,,,,,,,,spinachpants
FIRE BRO,D,-NONE-,,,,,,,,,,,-NONE-,,,,,,,,,,spinachpants
BIRDO (YELLOW),D,-NONE-,,,,,,,,,,,-NONE-,,,,,,,,,,spinachpants
MONTY MOLE,D,-NONE-,,,,,,,,,,,Cookie Land,,,,,,,,,,spinachpants
METAL MARIO,D,-NONE-,,,,,,,,,,,RMX Donut Plains 1,Battle Course 1,,,,,,,,,spinachpants
PEACHETTE,D,-NONE-,,,,,,,,,,,-NONE-,,,,,,,,,,spinachpants
PAULINE,D,-NONE-,,,,,,,,,,,-NONE-,,,,,,,,,,spinachpants
MARIO (MUSICIAN),D,-NONE-,,,,,,,,,,,-NONE-,,,,,,,,,,
PEACH (KIMONO),D,-NONE-,,,,,,,,,,,-NONE-,,,,,,,,,,
MARIO (HAKAMA),D,-NONE-,,,,,,,,,,,Battle Course 1,,,,,,,,,,
ROSALINA (HALLOWEEN),D,-NONE-,,,,,,,,,,,-NONE-,,,,,,,,,,
PEACH (VACATION),D,-NONE-,,,,,,,,,,,RMX Donut Plains 1,Cookie Land,,,,,,,,,
MARIO (SANTA),D,-NONE-,,,,,,,,,,,-NONE-,,,,,,,,,,
PINK GOLD PEACH,D,-NONE-,,,,,,,,,,,-NONE-,,,,,,,,,,
DAISY (HOLIDAY CHEER),D,Cookie Land,,,,,,,,,,,-NONE-,,,,,,,,,,
YOSHI (REINDEER),D,-NONE-,,,,,,,,,,,-NONE-,,,,,,,,,,
PAULINE (PARTY TIME),D,-NONE-,,,,,,,,,,,-NONE-,,,,,,,,,,
MARIO (HAPPI),D,-NONE-,,,,,,,,,,,-NONE-,,,,,,,,,,
TOAD (PARTY TIME),D,Cookie Land,,,,,,,,,,,-NONE-,,,,,,,,,,
PEACH (WINTERTIME),D,-NONE-,,,,,,,,,,,-NONE-,,,,,,,,,,
PENGUIN LUIGI,D,-NONE-,,,,,,,,,,,-NONE-,,,,,,,,,,
ICE MARIO,D,-NONE-,,,,,,,,,,,-NONE-,,,,,,,,,,
BABY PEACH (CHERUB),D,-NONE-,,,,,,,,,,,-NONE-,,,,,,,,,,
ROSALINA (AURORA),D,-NONE-,,,,,,,,,,,-NONE-,,,,,,,,,,
MARIO (CLASSIC),D,-NONE-,,,,,,,,,,,Battle Course 1,,,,,,,,,,
LUIGI (CLASSIC),D,Battle Course 1,,,,,,,,,,,-NONE-,,,,,,,,,,
BABY ROSALINA (DETECTIVE),D,-NONE-,,,,,,,,,,,-NONE-,,,,,,,,,,
YOSHI (EGG HUNT),D,-NONE-,,,,,,,,,,,-NONE-,,,,,,,,,,
BLACK YOSHI,D,-NONE-,,,,,,,,,,,-NONE-,,,,,,,,,,
BUILDER MARIO,D,-NONE-,,,,,,,,,,,-NONE-,,,,,,,,,,
BUILDER TOAD,D,-NONE-,,,,,,,,,,,-NONE-,,,,,,,,,,
DAISY (FAIRY),D,-NONE-,,,,,,,,,,,-NONE-,,,,,,,,,,
MARIO (CHEF),D,Cookie Land,RMX Donut Plains 1,,,,,,,,,,RMX Donut Plains 1RT,,,,,,,,,,
PEACH (WEDDING),D,-NONE-,,,,,,,,,,,-NONE-,,,,,,,,,,
ROSALINA (SWIMWEAR),D,-NONE-,,,,,,,,,,,-NONE-,,,,,,,,,,
MARIO (SWIMWEAR),D,-NONE-,,,,,,,,,,,-NONE-,,,,,,,,,,
CAPTAIN TOAD,D,-NONE-,,,,,,,,,,,-NONE-,,,,,,,,,,
TOADETTE (EXPLORER),D,-NONE-,,,,,,,,,,,-NONE-,,,,,,,,,,
DAISY (YUKATA),D,-NONE-,,,,,,,,,,,-NONE-,,,,,,,,,,
MARIO (SNES),D,Battle Course 1,,,,,,,,,,,RMX Donut Plains 1R,,,,,,,,,,
MARIO (SUNSHINE),D,-NONE-,,,,,,,,,,,-NONE-,,,,,,,,,,
MARIO (HALLOWEEN),D,-NONE-,,,,,,,,,,,-NONE-,,,,,,,,,,
PEACH (HALLOWEEN),D,-NONE-,,,,,,,,,,,-NONE-,,,,,,,,,,
PEACH (EXPLORER),D,-NONE-,,,,,,,,,,,-NONE-,,,,,,,,,,
BUILDER LUIGI,D,-NONE-,,,,,,,,,,,-NONE-,,,,,,,,,,
DRY BOWSER,D,-NONE-,,,,,,,,,,,Battle Course 1,,,,,,,,,,
KING BOO (LUIGI'S MANSION),D,RMX Donut Plains 1R,,,,,,,,,,,RMX Donut Plains 1,,,,,,,,,,
SHY GUY (PASTRY CHEF),D,RMX Donut Plains 1RT,,,,,,,,,,,Cookie Land,,,,,,,,,,
WALUIGI (BUS DRIVER),D,-NONE-,,,,,,,,,,,-NONE-,,,,,,,,,,
GOLD KOOPA (FREERUNNING),D,-NONE-,,,,,,,,,,,Battle Course 1,,,,,,,,,,
WARIO (HIKER),D,-NONE-,,,,,,,,,,,-NONE-,,,,,,,,,,
DRY BONES (GOLD),D,-NONE-,,,,,,,,,,,-NONE-,,,,,,,,,,
FUNKY KONG,D,-NONE-,,,,,,,,,,,-NONE-,,,,,,,,,,
DIXIE KONG,D,-NONE-,,,,,,,,,,,-NONE-,,,,,,,,,,
DRY BOWSER (GOLD),D,-NONE-,,,,,,,,,,,-NONE-,,,,,,,,,,
WARIO (COWBOY),D,-NONE-,,,,,,,,,,,-NONE-,,,,,,,,,,
NABBIT,D,Cookie Land,,,,,,,,,,,-NONE-,,,,,,,,,,
BOWSER JR. (PIRATE),D,-NONE-,,,,,,,,,,,-NONE-,,,,,,,,,,
KING BOB-OMB,D,-NONE-,,,,,,,,,,,-NONE-,,,,,,,,,,
DONKEY KONG JR. (SNES),D,Battle Course 1,,,,,,,,,,,-NONE-,,,,,,,,,,
SHY GUY (GOLD),D,-NONE-,,,,,,,,,,,-NONE-,,,,,,,,,,
KING BOO (GOLD),D,-NONE-,,,,,,,,,,,-NONE-,,,,,,,,,,
TOAD,D,-NONE-,,,,,,,,,,,Cookie Land,,,,,,,,,,
LAKITU (PARTY TIME),D,-NONE-,,,,,,,,,,,-NONE-,,,,,,,,,,
FIRE ROSALINA,D,-NONE-,,,,,,,,,,,-NONE-,,,,,,,,,,
BOWSER (SANTA),D,-NONE-,,,,,,,,,,,-NONE-,,,,,,,,,,
LUIGI (LEDERHOSEN),D,-NONE-,,,,,,,,,,,-NONE-,,,,,,,,,,
CAT PEACH,D,-NONE-,,,,,,,,,,,-NONE-,,,,,,,,,,
CAT TOAD,D,-NONE-,,,,,,,,,,,-NONE-,,,,,,,,,,
PAULINE (ROSE),D,-NONE-,,,,,,,,,,,-NONE-,,,,,,,,,,
PENGUIN TOAD,D,-NONE-,,,,,,,,,,,-NONE-,,,,,,,,,,
MARIO (RACING),D,Battle Course 1,RMX Donut Plains 1R,RMX Donut Plains 1T,,,,,,,,,Cookie Land,,,,,,,,,,
WHITE YOSHI,D,-NONE-,,,,,,,,,,,-NONE-,,,,,,,,,,
BIRDO (BLACK),D,-NONE-,,,,,,,,,,,-NONE-,,,,,,,,,,
BLUE YOSHI,D,-NONE-,,,,,,,,,,,-NONE-,,,,,,,,,,
SHY GUY (NINJA),D,-NONE-,,,,,,,,,,,-NONE-,,,,,,,,,,
KING BOB-OMB (GOLD),D,-NONE-,,,,,,,,,,,-NONE-,,,,,,,,,,
GREEN SHY GUY,D,-NONE-,,,,,,,,,,,-NONE-,,,,,,,,,,
BABY MARIO (KOALA),D,-NONE-,,,,,,,,,,,Battle Course 1,,,,,,,,,,
BUILDER TOADETTE,D,-NONE-,,,,,,,,,,,-NONE-,,,,,,,,,,
MARIO (TUXEDO),D,-NONE-,,,,,,,,,,,-NONE-,,,,,,,,,,
LUIGI (PAINTER),D,-NONE-,,,,,,,,,,,-NONE-,,,,,,,,,,
BLUE KOOPA (FREERUNNING),D,-NONE-,,,,,,,,,,,-NONE-,,,,,,,,,,
DAISY (SWIMWEAR),D,-NONE-,,,,,,,,,,,-NONE-,,,,,,,,,,
MARIO (BASEBALL),D,-NONE-,,,,,,,,,,,-NONE-,,,,,,,,,,
PEACH (HAPPI),D,-NONE-,,,,,,,,,,,-NONE-,,,,,,,,,,
PENGUIN MARIO,D,-NONE-,,,,,,,,,,,-NONE-,,,,,,,,,,
KAMEK,D,-NONE-,,,,,,,,,,,-NONE-,,,,,,,,,,
YOSHI (KANGAROO),D,-NONE-,,,,,,,,,,,Cookie Land,,,,,,,,,,
PINK YOSHI,D,-NONE-,,,,,,,,,,,Cookie Land,,,,,,,,,,
BIRDO (BLUE),D,-NONE-,,,,,,,,,,,-NONE-,,,,,,,,,,
TANOOKI MARIO,D,-NONE-,,,,,,,,,,,-NONE-,,,,,,,,,,
TANOOKI ROSALINA,D,Cookie Land,,,,,,,,,,,-NONE-,,,,,,,,,,
WALUIGI (VAMPIRE),D,-NONE-,,,,,,,,,,,-NONE-,,,,,,,,,,
YELLOW TOAD (PIT CREW),D,-NONE-,,,,,,,,,,,-NONE-,,,,,,,,,,
MARIO (SATELLAVIEW),D,-NONE-,,,,,,,,,,,-NONE-,,,,,,,,,,
LIGHT-BLUE TOAD (PIT CREW),D,-NONE-,,,,,,,,,,,-NONE-,,,,,,,,,,
PENGUIN TOADETTE,D,RMX Donut Plains 1,RMX Donut Plains 1R,,,,,,,,,,RMX Donut Plains 1T,,,,,,,,,,
CAT ROSALINA,D,-NONE-,,,,,,,,,,,Cookie Land,,,,,,,,,,
MEOWSER,D,-NONE-,,,,,,,,,,,-NONE-,,,,,,,,,,
LUIGI (VACATION),D,-NONE-,,,,,,,,,,,-NONE-,,,,,,,,,,
PURPLE KOOPA (FREERUNNING),D,-NONE-,,,,,,,,,,,-NONE-,,,,,,,,,,
MARIO (GOLF),D,Battle Course 1,,,,,,,,,,,RMX Donut Plains 1,,,,,,,,,,
LUIGI (GOLF),D,-NONE-,,,,,,,,,,,-NONE-,,,,,,,,,,
CHARGIN' CHUCK,D,-NONE-,,,,,,,,,,,Battle Course 1,,,,,,,,,,
LIGHT-BLUE SHY GUY,D,-NONE-,,,,,,,,,,,-NONE-,,,,,,,,,,
MARIO (AVIATOR),D,-NONE-,,,,,,,,,,,-NONE-,,,,,,,,,,
RED MII RACING SUIT,D,-NONE-,,,,,,,,,,,Battle Course 1,,,,,,,,,,
MARIO MII RACING SUIT,D,Battle Course 1,,,,,,,,,,,RMX Donut Plains 1R,,,,,,,,,,
PEACH MII RACING SUIT,D,-NONE-,,,,,,,,,,,-NONE-,,,,,,,,,,
TOAD MII RACING SUIT,D,-NONE-,,,,,,,,,,,-NONE-,,,,,,,,,,
LUIGI MII RACING SUIT,D,-NONE-,,,,,,,,,,,Battle Course 1,,,,,,,,,,
ROSALINA MII RACING SUIT,D,-NONE-,,,,,,,,,,,-NONE-,,,,,,,,,,
DONKEY KONG MII RACING SUIT,D,-NONE-,,,,,,,,,,,-NONE-,,,,,,,,,,
BRONZE MII RACING SUIT,D,-NONE-,,,,,,,,,,,Cookie Land,,,,,,,,,,
SILVER MII RACING SUIT,D,-NONE-,,,,,,,,,,,Battle Course 1,,,,,,,,,,
GOLD MII RACING SUIT,D,Donut Plains 1RT,,,,,,,,,,,Cookie Land,Battle Course 1,,,,,,,,,
MARIO (SAMURAI),D,-NONE-,,,,,,,,,,,-NONE-,,,,,,,,,,
PEACH (YUKATA),D,-NONE-,,,,,,,,,,,-NONE-,,,,,,,,,,
PINK SHY GUY (NINJA),D,RMX Donut Plains 1RT,,,,,,,,,,,Cookie Land,,,,,,,,,,
KING BOO MII RACING SUIT,D,-NONE-,,,,,,,,,,,-NONE-,,,,,,,,,,
KING BOB-OMB MII RACING SUIT,D,-NONE-,,,,,,,,,,,-NONE-,,,,,,,,,,
YOSHI (GOLD EGG),D,-NONE-,,,,,,,,,,,-NONE-,,,,,,,,,,
BIRDO (WHITE),D,Cookie Land,,,,,,,,,,,-NONE-,,,,,,,,,,
YOSHI MII RACING SUIT,D,-NONE-,,,,,,,,,,,Cookie Land,RMX Donut Plains 1,,,,,,,,,
BIRDO MII RACING SUIT,D,-NONE-,,,,,,,,,,,-NONE-,,,,,,,,,,
ROSALINA (VOLENDAM),D,RMX Donut Plains 1T,,,,,,,,,,,RMX Donut Plains 1,Battle Course 1,RMX Donut Plains 1R,,,,,,,,
DAISY (FARMER),D,-NONE-,,,,,,,,,,,-NONE-,,,,,,,,,,
NABBIT MII RACING SUIT,D,-NONE-,,,,,,,,,,,-NONE-,,,,,,,,,,
DR. MARIO,D,Cookie Land,,,,,,,,,,,Donut Plains 1RT,,,,,,,,,,
DR. LUIGI,D,RMX Donut Plains 1RT,,,,,,,,,,,Donut Plains 2RT,Cookie Land,,,,,,,,,
WARIO MII RACING SUIT,D,-NONE-,,,,,,,,,,,-NONE-,,,,,,,,,,
DR. PEACH,D,RMX Donut Plains 1,RMX Donut Plains 1T,,,,,,,,,,-NONE-,,,,,,,,,,
DR. BOWSER,D,-NONE-,,,,,,,,,,,-NONE-,,,,,,,,,,
? BLOCK MII RACING SUIT,D,RMX Donut Plains 1R,,,,,,,,,,,RMX Donut Plains 1RT,Battle Course 1,,,,,,,,,
CAT MARIO,D,RMX Donut Plains 1,,,,,,,,,,,RMX Donut Plains 1R,RMX Donut Plains 1T,Battle Course 1,,,,,,,,
CAT LUIGI,D,Cookie Land,RMX Donut Plains 1RT,,,,,,,,,,Donut Plains 1,,,,,,,,,,
CAT MII RACING SUIT,D,Sunset Wilds RT,,,,,,,,,,,Cookie Land,RMX Donut Plains 1R,,,,,,,,,
ROSALINA (CHEF),D,Cookie Land,RMX Donut Plains 1RT,RMX Choco Island 1RT,,,,,,,,,Donut Plains 1RT,RMX Donut Plains 1,,,,,,,,,
PASTRY CHEF MII RACING SUIT,D,Cookie Land,Donut Plains 2RT,RMX Donut Plains 1T,,,,,,,,,RMX Choco Island 1RT,,,,,,,,,,
DAISY (THAI DRESS),D,RMX Donut Plains 1T,,,,,,,,,,,RMX Choco Island 1RT,,,,,,,,,,
CHAIN CHOMP MII RACING SUIT,D,-NONE-,,,,,,,,,,,-NONE-,,,,,,,,,,
PETEY PIRANHA,D,Cookie Land,RMX Choco Island 1RT,,,,,,,,,,RMX Donut Plains 1RT,,,,,,,,,,
PETEY PIRANHA MII RACING SUIT,D,-NONE-,,,,,,,,,,,-NONE-,,,,,,,,,,
DAISY (SAILOR),D,Choco Island 1,Choco Island 1R,Sunset Wilds RT,Cookie Land,,,,,,,,Choco Island 1T,,,,,,,,,,
TOADETTE (SAILOR),D,RMX Ghost Valley 1RT,Choco Island 1,,,,,,,,,,RMX Ghost Valley 1,Cookie Land,RMX Donut Plains 1RT,,,,,,,,
DOLPHIN MII RACING SUIT,D,RMX Ghost Valley 1,,,,,,,,,,,RMX Ghost Valley 1T,,,,,,,,,,
CHEEP CHEEP MII RACING SUIT,D,RMX Donut Plains 1,,,,,,,,,,,RMX Donut Plains 1R,RMX Ghost Valley 1R,,,,,,,,,
WHITE TANOOKI MARIO,D,RMX Donut Plains 1,RMX Donut Plains 1R,,,,,,,,,,Donut Plains 1,Donut Plains 1R,Cookie Land,RMX Donut Plains 1RT,,,,,,,
ICE-CREAM MII RACING SUIT,D,Choco Island 1T,Cookie Land,,,,,,,,,,Choco Island 2,Choco Mountain T,,,,,,,,,
CHARGIN' CHUCK (GOLD),D,RMX Donut Plains 1RT,Sunset Wilds R,Wario Shipyard T,,,,,,,,,Cookie Land,Donut Plains 1RT,Battle Course 1,,,,,,,,
BOWSER MII RACING SUIT,D,Choco Mountain R,Battle Course 1,,,,,,,,,,Choco Mountain,,,,,,,,,,
DRY BOWSER MII RACING SUIT,D,Sunset Wilds T,Wario Shipyard T,Battle Course 1,,,,,,,,,RMX Donut Plains 1R,Wario Shipyard,,,,,,,,,
LUIGI (KNIGHT),D,Wario Shipyard,Wario Shipyard T,Battle Course 1,RMX Donut Plains 1T,,,,,,,,Sunset Wilds,RMX Donut Plains 1RT,,,,,,,,,
GOOMBA MII RACING SUIT,D,Choco Mountain RT,RMX Donut Plains 1T,,,,,,,,,,Choco Mountain R,RMX Donut Plains 1RT,Battle Course 1,,,,,,,,
HAMMER BRO MII RACING SUIT,D,Donut Plains 1R,RMX Choco Island 1T,RMX Donut Plains 1RT,,,,,,,,,Donut Plains 1RT,RMX Choco Island 1RT,Battle Course 1,,,,,,,,
MARIO (KING),D,Choco Mountain R,Donut Plains 2,Donut Plains 2RT,Cookie Land,RMX Donut Plains 1R,,,,,,,Choco Island 2R,Choco Island 1T,Choco Mountain RT,RMX Donut Plains 1RT,Battle Course 1,,,,,,
CASTLE MII RACING SUIT,D,Donut Plains 1RT,RMX Ghost Valley 1R,,,,,,,,,,Donut Plains 1R,RMX Ghost Valley 1RT,Battle Course 1,,,,,,,,
WHITE MII RACING SUIT,D,Battle Course 1,Wario Shipyard,,,,,,,,,,Wario Shipyard RT,,,,,,,,,,
RED TOAD (PIT CREW),D,Donut Plains 1RT,Choco Island 1RT,Battle Course 1,,,,Choco Island 1,,RMX Choco Island 1RT,,,Donut Plains 2RT,RMX Donut Plains 1RT,,,,,,,,,
LUIGI (CHEF),D,RMX Donut Plains 1RT,Battle Course 1,Donut Plains 2RT,RMX Ghost Valley 1RT,,,Donut Plains 1T,Choco Island 1RT,RMX Choco Island 1RT,Choco Mountain RT,RMX Donut Plains 1T,RMX Donut Plains 1R,Cookie Land,,,,,,,,,
GREEN MII RACING SUIT,D,Choco Island 2,Choco Island 1R,RMX Donut Plains 1R,Wario Shipyard RT,,,RMX Ghost Valley 1,,Choco Island 1RT,,Wario Shipyard R,Choco Island 1T,Battle Course 1,Cookie Land,,,,,,,,
PIPE FRAME,K,-NONE-,,,,,,,,,,,Battle Course 1,,,,,,,,,,
BIRTHDAY GIRL,K,-NONE-,,,,,,,,,,,Cookie Land,,,,,,,,,,
MUSHMELLOW,K,-NONE-,,,,,,,,,,,-NONE-,,,,,,,,,,
KOOPA DASHER,K,-NONE-,,,,,,,,,,,-NONE-,,,,,,,,,,
BIDDYBUGGY,K,-NONE-,,,,,,,,,,,-NONE-,,,,,,,,,,
BLUE BIDDYBUGGY,K,-NONE-,,,,,,,,,,,-NONE-,,,,,,,,,,
CHEEP CHARGER,K,-NONE-,,,,,,,,,,,-NONE-,,,,,,,,,,
PINK MUSHMELLOW,K,-NONE-,,,,,,,,,,,-NONE-,,,,,,,,,,
BIRTHDAY GIRL ROSALINA,K,-NONE-,,,,,,,,,,,-NONE-,,,,,,,,,,
GREEN KIDDIE KART,K,-NONE-,,,,,,,,,,,-NONE-,,,,,,,,,,
RED KIDDIE KART,K,-NONE-,,,,,,,,,,,-NONE-,,,,,,,,,,
BULLET BLASTER,K,-NONE-,,,,,,,,,,,-NONE-,,,,,,,,,,
BULL'S-EYE BANZAI,K,-NONE-,,,,,,,,,,,-NONE-,,,,,,,,,,
LANDSHIP,K,-NONE-,,,,,,,,,,,-NONE-,,,,,,,,,,
PIPE BUGGY,K,-NONE-,,,,,,,,,,,-NONE-,,,,,,,,,,
WARSHIP,K,-NONE-,,,,,,,,,,,-NONE-,,,,,,,,,,
GREEN CHEEP CHARGER,K,-NONE-,,,,,,,,,,,-NONE-,,,,,,,,,,
MACH 8,K,-NONE-,,,,,,,,,,,-NONE-,,,,,,,,,,
DAYTRIPPER,K,-NONE-,,,,,,,,,,,-NONE-,,,,,,,,,,
TURBO YOSHI,K,-NONE-,,,,,,,,,,,-NONE-,,,,,,,,,,
SODA JET,K,-NONE-,,,,,,,,,,,-NONE-,,,,,,,,,,
SUPER BLOOPER,K,-NONE-,,,,,,,,,,,Battle Course 1,,,,,,,,,,
GOLD BLOOPER,K,-NONE-,,,,,,,,,,,-NONE-,,,,,,,,,,
ROYALE,K,-NONE-,,,,,,,,,,,-NONE-,,,,,,,,,,
CLOUD 9,K,-NONE-,,,,,,,,,,,-NONE-,,,,,,,,,,
POLTERGUST 4000,K,-NONE-,,,,,,,,,,,-NONE-,,,,,,,,,,
STREAMLINER,K,-NONE-,,,,,,,,,,,Battle Course 1,,,,,,,,,,
WHITE ROYALE,K,-NONE-,,,,,,,,,,,-NONE-,,,,,,,,,,
ZUCCHINI,K,-NONE-,,,,,,,,,,,Battle Course 1,,,,,,,,,,
RED STREAMLINER,K,-NONE-,,,,,,,,,,,-NONE-,,,,,,,,,,
RED TURBO YOSHI,K,-NONE-,,,,,,,,,,,-NONE-,,,,,,,,,,
BLUE SEVEN,K,-NONE-,,,,,,,,,,,-NONE-,,,,,,,,,,
SUPER 1,K,-NONE-,,,,,,,,,,,-NONE-,,,,,,,,,,
DASHER II,K,Battle Course 1,,,,,,,,,,,-NONE-,,,,,,,,,,
TEA COUPE,K,-NONE-,,,,,,,,,,,-NONE-,,,,,,,,,,
YELLOW TURBO BIRDO,K,-NONE-,,,,,,,,,,,-NONE-,,,,,,,,,,
EGG 1,K,-NONE-,,,,,,,,,,,-NONE-,,,,,,,,,,
BIRTHDAY GIRL DAISY,K,-NONE-,,,,,,,,,,,-NONE-,,,,,,,,,,
RED STANDARD 8,K,-NONE-,,,,,,,,,,,Battle Course 1,,,,,,,,,,
GREEN STANDARD 8,K,-NONE-,,,,,,,,,,,Battle Course 1,,,,,,,,,,
FLAME FLYER,K,-NONE-,,,,,,,,,,,-NONE-,,,,,,,,,,
BARREL TRAIN,K,-NONE-,,,,,,,,,,,-NONE-,,,,,,,,,,
DK JUMBO,K,-NONE-,,,,,,,,,,,-NONE-,,,,,,,,,,
CHROME DK JUMBO,K,-NONE-,,,,,,,,,,,-NONE-,,,,,,,,,,
KOOPA CLOWN,K,-NONE-,,,,,,,,,,,-NONE-,,,,,,,,,,
DARK CLOWN,K,-NONE-,,,,,,,,,,,-NONE-,,,,,,,,,,
PARA-WING,K,-NONE-,,,,,,,,,,,-NONE-,,,,,,,,,,
TURBO BIRDO,K,-NONE-,,,,,,,,,,,-NONE-,,,,,,,,,,
LIGHT-BLUE TURBO BIRDO,K,-NONE-,,,,,,,,,,,-NONE-,,,,,,,,,,
BOLT BUGGY,K,Cookie Land,,,,,,,,,,,-NONE-,,,,,,,,,,
RAMBI RIDER,K,-NONE-,,,,,,,,,,,-NONE-,,,,,,,,,,
B DASHER,K,-NONE-,,,,,,,,,,,Battle Course 1,,,,,,,,,,
BLACK B DASHER,K,-NONE-,,,,,,,,,,,-NONE-,,,,,,,,,,
YELLOW TAXI,K,-NONE-,,,,,,,,,,,-NONE-,,,,,,,,,,
QUICKSHAW,K,-NONE-,,,,,,,,,,,-NONE-,,,,,,,,,,
KABUKI DASHER,K,-NONE-,,,,,,,,,,,-NONE-,,,,,,,,,,
CIRCUIT SPECIAL,K,Battle Course 1,,,,,,,,,,,-NONE-,,,,,,,,,,
BLACK CIRCUIT,K,-NONE-,,,,,,,,,,,-NONE-,,,,,,,,,,
BUMBLE V,K,-NONE-,,,,,,,,,,,-NONE-,,,,,,,,,,
QUEEN BEE,K,-NONE-,,,,,,,,,,,-NONE-,,,,,,,,,,
TRICKSTER,K,-NONE-,,,,,,,,,,,-NONE-,,,,,,,,,,
GHOST RIDE,K,-NONE-,,,,,,,,,,,-NONE-,,,,,,,,,,
MACHARON,K,-NONE-,,,,,,,,,,,Cookie Land,RMX Donut Plains 1RT,,,,,,,,,
CARROT KART,K,-NONE-,,,,,,,,,,,RMX Donut Plains 1,Cookie Land,,,,,,,,,
CHEERMELLOW,K,-NONE-,,,,,,,,,,,-NONE-,,,,,,,,,,
WILD WING,K,Battle Course 1,,,,,,,,,,,-NONE-,,,,,,,,,,
RADISH RIDER,K,RMX Donut Plains 1R,,,,,,,,,,,Cookie Land,RMX Donut Plains 1RT,,,,,,,,,
WILDFIRE FLYER,K,-NONE-,,,,,,,,,,,-NONE-,,,,,,,,,,
RIBBON RIDER,K,-NONE-,,,,,,,,,,,-NONE-,,,,,,,,,,
DOUBLE-DECKER,K,-NONE-,,,,,,,,,,,-NONE-,,,,,,,,,,
SWIFT JACK,K,-NONE-,,,,,,,,,,,-NONE-,,,,,,,,,,
RED B DASHER,K,-NONE-,,,,,,,,,,,-NONE-,,,,,,,,,,
JINGLE BELLS,K,-NONE-,,,,,,,,,,,-NONE-,,,,,,,,,,
PLATINUM TAXI,K,-NONE-,,,,,,,,,,,-NONE-,,,,,,,,,,
GLAM BRUISER,K,-NONE-,,,,,,,,,,,Cookie Land,,,,,,,,,,
GILDED PRANCER,K,-NONE-,,,,,,,,,,,-NONE-,,,,,,,,,,
ICE-BLUE POLTERGUST,K,-NONE-,,,,,,,,,,,-NONE-,,,,,,,,,,
P-WING,K,-NONE-,,,,,,,,,,,-NONE-,,,,,,,,,,
APPLE KART,K,-NONE-,,,,,,,,,,,-NONE-,,,,,,,,,,
COMET TAIL,K,-NONE-,,,,,,,,,,,-NONE-,,,,,,,,,,
BRIGHT BUNNY,K,-NONE-,,,,,,,,,,,-NONE-,,,,,,,,,,
DOZER DASHER,K,-NONE-,,,,,,,,,,,-NONE-,,,,,,,,,,
CLANKY KART,K,-NONE-,,,,,,,,,,,-NONE-,,,,,,,,,,
WILD BLACK,K,-NONE-,,,,,,,,,,,-NONE-,,,,,,,,,,
KARP KART,K,RMX Donut Plains 1,Battle Course 1,,,,,,,,,,RMX Donut Plains 1T,,,,,,,,,,
PRANCER,K,Cookie Land,,,,,,,,,,,-NONE-,,,,,,,,,,
ROSE QUEEN,K,-NONE-,,,,,,,,,,,-NONE-,,,,,,,,,,
GREEN APPLE KART,K,-NONE-,,,,,,,,,,,-NONE-,,,,,,,,,,
CHOCO MACHARON,K,-NONE-,,,,,,,,,,,Cookie Land,,,,,,,,,,
GOLD EGG,K,-NONE-,,,,,,,,,,,-NONE-,,,,,,,,,,
SWEET DAYTRIPPER,K,-NONE-,,,,,,,,,,,-NONE-,,,,,,,,,,
RED TAXI,K,-NONE-,,,,,,,,,,,-NONE-,,,,,,,,,,
PINK WING,K,-NONE-,,,,,,,,,,,-NONE-,,,,,,,,,,
HAPPY RIDE,K,-NONE-,,,,,,,,,,,-NONE-,,,,,,,,,,
BLUE SODA,K,-NONE-,,,,,,,,,,,-NONE-,,,,,,,,,,
CLACKETY KART,K,-NONE-,,,,,,,,,,,-NONE-,,,,,,,,,,
GOLD CLANKY KART,K,-NONE-,,,,,,,,,,,-NONE-,,,,,,,,,,
FESTIVAL GIRL,K,-NONE-,,,,,,,,,,,-NONE-,,,,,,,,,,
BLACK KABUKI DASHER,K,-NONE-,,,,,,,,,,,-NONE-,,,,,,,,,,
8-BIT PIPE FRAME,K,-NONE-,,,,,,,,,,,-NONE-,,,,,,,,,,
GOLD PIPE FRAME,K,-NONE-,,,,,,,,,,,-NONE-,,,,,,,,,,
SURF SAILER,K,-NONE-,,,,,,,,,,,-NONE-,,,,,,,,,,
STAR-SPANGLED FLYER,K,-NONE-,,,,,,,,,,,-NONE-,,,,,,,,,,
GREEN CIRCUIT,K,-NONE-,,,,,,,,,,,-NONE-,,,,,,,,,,
SPORTS COUPE,K,-NONE-,,,,,,,,,,,Battle Course 1,,,,,,,,,,
PUMPKIN KART,K,-NONE-,,,,,,,,,,,-NONE-,,,,,,,,,,
DARK TRICKSTER,K,-NONE-,,,,,,,,,,,-NONE-,,,,,,,,,,
SUNSET CLOUD,K,-NONE-,,,,,,,,,,,-NONE-,,,,,,,,,,
STEEL DRIVER,K,-NONE-,,,,,,,,,,,-NONE-,,,,,,,,,,
BADWAGON,K,-NONE-,,,,,,,,,,,-NONE-,,,,,,,,,,
BLUE BADWAGON,K,-NONE-,,,,,,,,,,,-NONE-,,,,,,,,,,
GOLD TRAIN,K,-NONE-,,,,,,,,,,,-NONE-,,,,,,,,,,
BRUISER,K,-NONE-,,,,,,,,,,,-NONE-,,,,,,,,,,
SNOW SKIMMER,K,-NONE-,,,,,,,,,,,-NONE-,,,,,,,,,,
OFFROADER,K,-NONE-,,,,,,,,,,,-NONE-,,,,,,,,,,
BANANA MASTER,K,-NONE-,,,,,,,,,,,-NONE-,,,,,,,,,,
POISON APPLE KART,K,-NONE-,,,,,,,,,,,-NONE-,,,,,,,,,,
CHEEP SNORKEL,K,-NONE-,,,,,,,,,,,-NONE-,,,,,,,,,,
GOLD CHEEP SNORKEL,K,-NONE-,,,,,,,,,,,-NONE-,,,,,,,,,,
GOLD CHEEP CHARGER,K,-NONE-,,,,,,,,,,,-NONE-,,,,,,,,,,
DARK BUGGY,K,-NONE-,,,,,,,,,,,-NONE-,,,,,,,,,,
KOOPA KING,K,-NONE-,,,,,,,,,,,-NONE-,,,,,,,,,,
BROWN OFFROADER,K,-NONE-,,,,,,,,,,,-NONE-,,,,,,,,,,
CACT-X,K,-NONE-,,,,,,,,,,,-NONE-,,,,,,,,,,
PIRATE SUSHI RACER,K,-NONE-,,,,,,,,,,,-NONE-,,,,,,,,,,
SILVER BULLET BLASTER,K,-NONE-,,,,,,,,,,,-NONE-,,,,,,,,,,
HEAD HONCHO,K,-NONE-,,,,,,,,,,,-NONE-,,,,,,,,,,
DK MAXIMUM,K,-NONE-,,,,,,,,,,,RMX Donut Plains 1,RMX Donut Plains 1R,,,,,,,,,
SUSHI RACER,K,-NONE-,,,,,,,,,,,-NONE-,,,,,,,,,,
GILDED KING,K,-NONE-,,,,,,,,,,,-NONE-,,,,,,,,,,
CRAWLY KART,K,-NONE-,,,,,,,,,,,-NONE-,,,,,,,,,,
BLACK PENGUIN SLIDER,K,-NONE-,,,,,,,,,,,-NONE-,,,,,,,,,,
HOLIDAY KING,K,-NONE-,,,,,,,,,,,-NONE-,,,,,,,,,,
GOLD SNOW SKIMMER,K,-NONE-,,,,,,,,,,,-NONE-,,,,,,,,,,
DREAMY EGG,K,Cookie Land,,,,,,,,,,,-NONE-,,,,,,,,,,
BLACK DOZER,K,-NONE-,,,,,,,,,,,-NONE-,,,,,,,,,,
CUCUMBER,K,-NONE-,,,,,,,,,,,-NONE-,,,,,,,,,,
FAST FRANK,K,Battle Course 1,RMX Donut Plains 1R,,,,,,,,,,-NONE-,,,,,,,,,,
IRON CUCUMBER,K,-NONE-,,,,,,,,,,,-NONE-,,,,,,,,,,
PARTY-WING,K,-NONE-,,,,,,,,,,,-NONE-,,,,,,,,,,
CAT CRUISER,K,-NONE-,,,,,,,,,,,-NONE-,,,,,,,,,,
WILD PINK,K,-NONE-,,,,,,,,,,,-NONE-,,,,,,,,,,
ROSE TAXI,K,-NONE-,,,,,,,,,,,-NONE-,,,,,,,,,,
PENGUIN SLIDER,K,-NONE-,,,,,,,,,,,-NONE-,,,,,,,,,,
CACT-ICE,K,-NONE-,,,,,,,,,,,-NONE-,,,,,,,,,,
B DASHER MK. 2,K,Battle Course 1,,,,,,,,,,,-NONE-,,,,,,,,,,
DECAL STREAMLINER,K,Battle Course 1,,,,,,,,,,,-NONE-,,,,,,,,,,
ORANGE STREAMLINER,K,-NONE-,,,,,,,,,,,Cookie Land,,,,,,,,,,
BLACK TURBO BIRDO,K,-NONE-,,,,,,,,,,,-NONE-,,,,,,,,,,
WHITE TURBO YOSHI,K,-NONE-,,,,,,,,,,,-NONE-,,,,,,,,,,
PURPLE BUNNY,K,-NONE-,,,,,,,,,,,-NONE-,,,,,,,,,,
SAKURA QUICKSHAW,K,-NONE-,,,,,,,,,,,-NONE-,,,,,,,,,,
JADE HOP ROD,K,-NONE-,,,,,,,,,,,-NONE-,,,,,,,,,,
CRIMSON HOP ROD,K,-NONE-,,,,,,,,,,,-NONE-,,,,,,,,,,
JET CRUISER,K,-NONE-,,,,,,,,,,,-NONE-,,,,,,,,,,
BLUE ROYALE,K,-NONE-,,,,,,,,,,,-NONE-,,,,,,,,,,
INFERNO FLYER,K,-NONE-,,,,,,,,,,,-NONE-,,,,,,,,,,
RAMBI RUNNER,K,-NONE-,,,,,,,,,,,-NONE-,,,,,,,,,,
PINK DOZER,K,-NONE-,,,,,,,,,,,Cookie Land,,,,,,,,,,
GRAND BADWAGON,K,-NONE-,,,,,,,,,,,-NONE-,,,,,,,,,,
BLUE TURBO YOSHI,K,-NONE-,,,,,,,,,,,-NONE-,,,,,,,,,,
PAINTSTER,K,-NONE-,,,,,,,,,,,-NONE-,,,,,,,,,,
LIME TEA COUPE,K,-NONE-,,,,,,,,,,,-NONE-,,,,,,,,,,
SUNNY SURF SAILER,K,-NONE-,,,,,,,,,,,-NONE-,,,,,,,,,,
CLEANUP HITTER,K,-NONE-,,,,,,,,,,,-NONE-,,,,,,,,,,
PINCH HITTER,K,-NONE-,,,,,,,,,,,-NONE-,,,,,,,,,,
DARK HOP ROD,K,-NONE-,,,,,,,,,,,-NONE-,,,,,,,,,,
ICE DOZER,K,-NONE-,,,,,,,,,,,-NONE-,,,,,,,,,,
KAMEK'S ZOOM BROOM,K,-NONE-,,,,,,,,,,,-NONE-,,,,,,,,,,
SILVER KING,K,-NONE-,,,,,,,,,,,-NONE-,,,,,,,,,,
GREEN DOUBLE-DECKER,K,-NONE-,,,,,,,,,,,-NONE-,,,,,,,,,,
BLACK CAT CRUISER,K,-NONE-,,,,,,,,,,,-NONE-,,,,,,,,,,
BLUE TURBO BIRDO,K,-NONE-,,,,,,,,,,,-NONE-,,,,,,,,,,
RED B DASHER MK. 2,K,Battle Course 1,,,,,,,,,,,-NONE-,,,,,,,,,,
PINK B DASHER MK. 2,K,Cookie Land,RMX Donut Plains 1T,,,,,,,,,,RMX Donut Plains 1R,,,,,,,,,,
CLASSIC B DASHER MK. 2,K,-NONE-,,,,,,,,,,,RMX Donut Plains 1,RMX Donut Plains 1T,,,,,,,,,
SKY-BLUE B DASHER MK. 2,K,-NONE-,,,,,,,,,,,Battle Course 1,,,,,,,,,,
METAL B DASHER MK. 2,K,-NONE-,,,,,,,,,,,-NONE-,,,,,,,,,,
CREAM B DASHER MK. 2,K,-NONE-,,,,,,,,,,,-NONE-,,,,,,,,,,
GREEN B DASHER MK. 2,K,-NONE-,,,,,,,,,,,Cookie Land,,,,,,,,,,
TANOOKI KART,K,-NONE-,,,,,,,,,,,-NONE-,,,,,,,,,,
GOLD PUMPKIN KART,K,-NONE-,,,,,,,,,,,-NONE-,,,,,,,,,,
VAMPIRE FLYER,K,-NONE-,,,,,,,,,,,-NONE-,,,,,,,,,,
RED CRAWLY KART,K,-NONE-,,,,,,,,,,,-NONE-,,,,,,,,,,
YELLOW OFFROADER,K,-NONE-,,,,,,,,,,,Cookie Land,,,,,,,,,,
CACT-R,K,-NONE-,,,,,,,,,,,-NONE-,,,,,,,,,,
LUNAR CRUISER,K,-NONE-,,,,,,,,,,,-NONE-,,,,,,,,,,
SLEIGH RIDER,K,-NONE-,,,,,,,,,,,-NONE-,,,,,,,,,,
CHEERSHIP,K,Cookie Land,,,,,,,,,,,RMX Donut Plains 1RT,,,,,,,,,,
CANDY CLOWN,K,-NONE-,,,,,,,,,,,-NONE-,,,,,,,,,,
WHITE SNOW SKIMMER,K,-NONE-,,,,,,,,,,,-NONE-,,,,,,,,,,
FROSTY BELLS,K,-NONE-,,,,,,,,,,,-NONE-,,,,,,,,,,
FROST WING,K,-NONE-,,,,,,,,,,,-NONE-,,,,,,,,,,
GRAY CAT CRUISER,K,-NONE-,,,,,,,,,,,-NONE-,,,,,,,,,,
SPORTS COUPE 2022,K,-NONE-,,,,,,,,,,,-NONE-,,,,,,,,,,
TIGER BRUISER,K,-NONE-,,,,,,,,,,,-NONE-,,,,,,,,,,
ROARING RACER,K,-NONE-,,,,,,,,,,,-NONE-,,,,,,,,,,
JUKEBOX BUGGY,K,-NONE-,,,,,,,,,,,-NONE-,,,,,,,,,,
SNEEKER,K,-NONE-,,,,,,,,,,,-NONE-,,,,,,,,,,
GREEN LIGHTNING,K,-NONE-,,,,,,,,,,,-NONE-,,,,,,,,,,
CUPID'S ARROW,K,RMX Donut Plains 1,,,,,,,,,,,RMX Donut Plains 1R,RMX Donut Plains 1T,,,,,,,,,
WILD SLUGGER,K,-NONE-,,,,,,,,,,,-NONE-,,,,,,,,,,
COMBO CRUISER,K,Cookie Land,,,,,,,,,,,RMX Donut Plains 1R,,,,,,,,,,
PROP KART,K,-NONE-,,,,,,,,,,,-NONE-,,,,,,,,,,
MAGMA BROOM,K,-NONE-,,,,,,,,,,,-NONE-,,,,,,,,,,
STAR BROOM,K,-NONE-,,,,,,,,,,,-NONE-,,,,,,,,,,
YELLOW 8-BIT PIPE FRAME,K,-NONE-,,,,,,,,,,,Battle Course 1,,,,,,,,,,
WARRIOR WAGON,K,Battle Course 1,,,,,,,,,,,-NONE-,,,,,,,,,,
ARMORED RIDER,K,-NONE-,,,,,,,,,,,-NONE-,,,,,,,,,,
SAKURA HOP ROD,K,-NONE-,,,,,,,,,,,-NONE-,,,,,,,,,,
BLACK TURBO YOSHI,K,-NONE-,,,,,,,,,,,RMX Donut Plains 1,Battle Course 1,,,,,,,,,
GOLD BUNNY,K,-NONE-,,,,,,,,,,,-NONE-,,,,,,,,,,
WHITE TURBO BIRDO,K,-NONE-,,,,,,,,,,,-NONE-,,,,,,,,,,
FLOWER KART,K,-NONE-,,,,,,,,,,,RMX Donut Plains 1,RMX Donut Plains 1T,,,,,,,,,
DRAGONFLY,K,Cookie Land,,,,,,,,,,,RMX Donut Plains 1RT,,,,,,,,,,
FIREFLY,K,-NONE-,,,,,,,,,,,Cookie Land,,,,,,,,,,
DAIKON ROCKET,K,RMX Donut Plains 1RT,Donut Plains 2RT,,,,,,,,,,RMX Donut Plains 1,,,,,,,,,,
CAPSULE KART,K,Battle Course 1,,,,,,,,,,,-NONE-,,,,,,,,,,
BLUE-GREEN CAPSULE KART,K,RMX Donut Plains 1RT,RMX Donut Plains 1R,,,,,,,,,,Battle Course 1,,,,,,,,,,
WHITE BRUISER,K,RMX Donut Plains 1T,,,,,,,,,,,RMX Donut Plains 1R,Cookie Land,,,,,,,,,
COCONUT 1,K,RMX Donut Plains 1T,Donut Plains 1RT,Cookie Land,,,,,,,,,RMX Donut Plains 1RT,,,,,,,,,,
PINK CAPSULE KART,K,Cookie Land,RMX Donut Plains 1RT,,,,,,,,,,Donut Plains 2RT,,,,,,,,,,
GREEN-YELLOW CAPSULE KART,K,-NONE-,,,,,,,,,,,RMX Donut Plains 1T,Battle Course 1,,,,,,,,,
CREAM CAT CRUISER,K,RMX Donut Plains 1,,,,,,,,,,,Cookie Land,RMX Donut Plains 1R,,,,,,,,,
GREEN CAT CRUISER,K,RMX Donut Plains 1RT,Battle Course 1,,,,,,,,,,RMX Donut Plains 1,RMX Donut Plains 1R,,,,,,,,,
GOO-GOO BUGGY,K,RMX Donut Plains 1T,,,,,,,,,,,RMX Donut Plains 1R,Battle Course 1,,,,,,,,,
GOO-GOO PINK,K,Donut Plains 2RT,Cookie Land,,,,,,,,,,RMX Donut Plains 1RT,,,,,,,,,,
GOLD KIDDIE KART,K,Choco Mountain,,,,,,,,,,,Battle Course 1,,,,,,,,,,
SWEET RIDE,K,RMX Donut Plains 1RT,Cookie Land,,,,,,,,,,-NONE-,,,,,,,,,,
WHITE FAST FRANK,K,RMX Donut Plains 1,RMX Donut Plains 1R,,,,,,,,,,RMX Donut Plains 1T,Cookie Land,,,,,,,,,
TUK-TUK KART,K,Donut Plains 1,RMX Donut Plains 1,,,,,,,,,,Battle Course 1,,,,,,,,,,
TROPICAL TRUCK,K,RMX Donut Plains 1,,,,,,,,,,,RMX Donut Plains 1RT,,,,,,,,,,
GOLD ZUCCHINI,K,RMX Choco Island 1RT,Battle Course 1,,,,,,,,,,RMX Donut Plains 1,,,,,,,,,,
LIGHTNING STREAMLINER,K,Choco Mountain T,Battle Course 1,RMX Donut Plains 1R,,,,,,,,,RMX Ghost Valley 1T,RMX Donut Plains 1T,,,,,,,,,
PIRANHA PIPES,K,Battle Course 1,Donut Plains 1RT,,,,,,,,,,Donut Plains 1,,,,,,,,,,
FLOWERY BADWAGON,K,RMX Donut Plains 1R,,,,,,,,,,,RMX Donut Plains 1,Cookie Land,,,,,,,,,
CORAL JET CRUISER,K,RMX Ghost Valley 1,,,,,,,,,,,-NONE-,,,,,,,,,,
WATERMELON KART,K,Cookie Land,Sunset Wilds RT,,,,,,,,,,RMX Donut Plains 1RT,,,,,,,,,,
ICE-CREAM MINIBUS,K,RMX Donut Plains 1,,,,,,,,,,,Choco Island 2R,Cookie Land,,,,,,,,,
CHOCOLATE BANANA MINIBUS,K,Choco Mountain R,Cookie Land,,,,,,,,,,Choco Island 2R,Choco Island 1R,,,,,,,,,
STRAWBERRY SOFT SWERVE,K,Choco Island 2R,Cookie Land,,,,,,,,,,RMX Donut Plains 1,,,,,,,,,,
RED OFFROADER,K,Battle Course 1,Sunset Wilds R,,,,,,,,,,Sunset Wilds T,RMX Choco Island 1RT,,,,,,,,,
GOO-GOO BLACK,K,Wario Shipyard T,RMX Donut Plains 1T,,,,,,,,,,Wario Shipyard,Battle Course 1,,,,,,,,,
CACT-B,K,RMX Ghost Valley 1RT,RMX Donut Plains 1T,RMX Donut Plains 1,Cookie Land,,,,,,,,RMX Ghost Valley 1T,,,,,,,,,,
GOLD BULLET BLASTER,K,RMX Choco Island 1RT,RMX Donut Plains 1RT,,,,,,,,,,Choco Island 2,Battle Course 1,,,,,,,,,
SHIELDED SPEEDSTER,K,Choco Mountain R,Wario Shipyard R,RMX Donut Plains 1T,,,,,,,,,Choco Mountain T,Donut Plains 2RT,Battle Course 1,,,,,,,,
GOLD STANDARD,K,Donut Plains 2RT,Battle Course 1,RMX Donut Plains 1R,,,,,,,,,Cookie Land,RMX Donut Plains 1RT,,,,,,,,,
GOLD DOUBLE-DECKER,K,Donut Plains 1RT,Donut Plains 2,Choco Mountain RT,RMX Donut Plains 1RT,,,,,,,,Donut Plains 1T,Choco Mountain,Battle Course 1,,,,,,,,
BLACK CARRIAGE,K,Sunset Wilds RT,RMX Ghost Valley 1T,Wario Shipyard RT,Wario Shipyard,,,,,,,,RMX Ghost Valley 1,Cookie Land,RMX Donut Plains 1T,,,,,,,,
GREEN SPEEDER,K,Battle Course 1,Donut Plains 1,RMX Ghost Valley 1R,RMX Donut Plains 1T,,,Donut Plains 1RT,Donut Plains 2RT,Choco Mountain,RMX Ghost Valley 1T,RMX Donut Plains 1RT,Choco Mountain T,Cookie Land,,,,,,,,,
FLAMING SPEEDER,K,Choco Island 2RT,Sunset Wilds T,Donut Plains 2R,Cookie Land,Choco Mountain RT,,Choco Island 1,Donut Plains 2,Sunset Wilds R,RMX Choco Island 1RT,Choco Island 1RT,RMX Donut Plains 1,Battle Course 1,,,,,,,,,
GOLD SWEET RIDE,K,Choco Island 1,Donut Plains 2RT,Cookie Land,RMX Donut Plains 1RT,,,Choco Island 2RT,Donut Plains 1,Donut Plains 1RT,Choco Island 1RT,RMX Donut Plains 1R,Choco Island 2RT,Donut Plains 1,Donut Plains 1RT,Choco Island 1RT,RMX Donut Plains 1,RMX Donut Plains 1R,,,,,
SUPER GLIDER,G,-NONE-,,,,,,,,,,,Battle Course 1,,,,,,,,,,
PARACHUTE,G,-NONE-,,,,,,,,,,,-NONE-,,,,,,,,,,
PARAFOIL,G,-NONE-,,,,,,,,,,,-NONE-,,,,,,,,,,
PAPER GLIDER,G,-NONE-,,,,,,,,,,,-NONE-,,,,,,,,,,
DROPLET GLIDER,G,-NONE-,,,,,,,,,,,-NONE-,,,,,,,,,,
BBIA PARAFOIL,G,-NONE-,,,,,,,,,,,-NONE-,,,,,,,,,,
MINION PAPER GLIDER,G,-NONE-,,,,,,,,,,,Cookie Land,,,,,,,,,,
PISTON GLIDER,G,-NONE-,,,,,,,,,,,-NONE-,,,,,,,,,,
PIRANHA PLANT PARAFOIL,G,-NONE-,,,,,,,,,,,-NONE-,,,,,,,,,,
PEACH PARASOL,G,-NONE-,,,,,,,,,,,-NONE-,,,,,,,,,,
FLOWER GLIDER,G,-NONE-,,,,,,,,,,,Cookie Land,,,,,,,,,,
OILPAPER UMBRELLA,G,-NONE-,,,,,,,,,,,-NONE-,,,,,,,,,,
LIGHTNING OILPAPER,G,-NONE-,,,,,,,,,,,-NONE-,,,,,,,,,,
PINK FLOWER GLIDER,G,-NONE-,,,,,,,,,,,-NONE-,,,,,,,,,,
8-BIT JUMPING MARIO,G,-NONE-,,,,,,,,,,,Battle Course 1,,,,,,,,,,
? BLOCK,G,-NONE-,,,,,,,,,,,Battle Course 1,,,,,,,,,,
PLAID RIBBON,G,Cookie Land,,,,,,,,,,,-NONE-,,,,,,,,,,
EGGSHELL GLIDER,G,-NONE-,,,,,,,,,,,Cookie Land,,,,,,,,,,
8-BIT JUMPING LUIGI,G,Battle Course 1,,,,,,,,,,,-NONE-,,,,,,,,,,
BOB-OMB PARAFOIL,G,-NONE-,,,,,,,,,,,-NONE-,,,,,,,,,,
SHELL PARACHUTE,G,-NONE-,,,,,,,,,,,-NONE-,,,,,,,,,,
WARIO WING,G,-NONE-,,,,,,,,,,,-NONE-,,,,,,,,,,
WALUIGI WING,G,-NONE-,,,,,,,,,,,-NONE-,,,,,,,,,,
BANANA PARAFOIL,G,-NONE-,,,,,,,,,,,-NONE-,,,,,,,,,,
BLUE FLOWER GLIDER,G,-NONE-,,,,,,,,,,,-NONE-,,,,,,,,,,
GOLD GLIDER,G,-NONE-,,,,,,,,,,,Battle Course 1,,,,,,,,,,
FARE FLIER,G,-NONE-,,,,,,,,,,,-NONE-,,,,,,,,,,
PURPLE OILPAPER UMBRELLA,G,-NONE-,,,,,,,,,,,RMX Donut Plains 1,RMX Donut Plains 1R,,,,,,,,,
FULL FLIGHT,G,Battle Course 1,,,,,,,,,,,-NONE-,,,,,,,,,,
STRAWBERRY CREPE,G,-NONE-,,,,,,,,,,,RMX Donut Plains 1,Cookie Land,,,,,,,,,
LE TRICOLORE,G,-NONE-,,,,,,,,,,,-NONE-,,,,,,,,,,
STARCHUTE,G,-NONE-,,,,,,,,,,,Battle Course 1,,,,,,,,,,
ROYAL PARACHUTE,G,Cookie Land,,,,,,,,,,,-NONE-,,,,,,,,,,
GLITTER GLIDER,G,Cookie Land,,,,,,,,,,,-NONE-,,,,,,,,,,
SOARING JACK,G,-NONE-,,,,,,,,,,,-NONE-,,,,,,,,,,
GIFT GLIDER,G,-NONE-,,,,,,,,,,,Cookie Land,,,,,,,,,,
NEW YEAR'S 2020,G,-NONE-,,,,,,,,,,,-NONE-,,,,,,,,,,
NEW YEAR'S KITE,G,-NONE-,,,,,,,,,,,-NONE-,,,,,,,,,,
FIREWORKS PARACHUTE,G,Battle Course 1,,,,,,,,,,,-NONE-,,,,,,,,,,
CRIMSON CRANE,G,-NONE-,,,,,,,,,,,-NONE-,,,,,,,,,,
BLIZZARD PARASOL,G,-NONE-,,,,,,,,,,,-NONE-,,,,,,,,,,
BLIZZARD BALLOONS,G,-NONE-,,,,,,,,,,,-NONE-,,,,,,,,,,
SWEETHEART GLIDER,G,-NONE-,,,,,,,,,,,-NONE-,,,,,,,,,,
HEART BALLOONS,G,-NONE-,,,,,,,,,,,-NONE-,,,,,,,,,,
LUMA PARAFOIL,G,-NONE-,,,,,,,,,,,-NONE-,,,,,,,,,,
RAINBOW STARCHUTE,G,-NONE-,,,,,,,,,,,-NONE-,,,,,,,,,,
BRIGHT GLIDER,G,Cookie Land,,,,,,,,,,,-NONE-,,,,,,,,,,
SAFETY GLIDER,G,-NONE-,,,,,,,,,,,-NONE-,,,,,,,,,,
DAISY GLIDER,G,-NONE-,,,,,,,,,,,-NONE-,,,,,,,,,,
PINK GOLD PAPER GLIDER,G,-NONE-,,,,,,,,,,,-NONE-,,,,,,,,,,
BUTTERFLY SUNSET,G,-NONE-,,,,,,,,,,,Cookie Land,,,,,,,,,,
CHOCOLATE DONUT,G,Cookie Land,,,,,,,,,,,RMX Donut Plains 1R,,,,,,,,,,
GOLD CRANE,G,-NONE-,,,,,,,,,,,Cookie Land,,,,,,,,,,
CHOCOLATE BANANA CREPE,G,Cookie Land,RMX Donut Plains 1R,,,,,,,,,,RMX Donut Plains 1T,,,,,,,,,,
STRAWBERRY DONUT,G,-NONE-,,,,,,,,,,,Cookie Land,RMX Donut Plains 1RT,,,,,,,,,
SILVER BELLS,G,-NONE-,,,,,,,,,,,Cookie Land,,,,,,,,,,
SILVER-AND-GOLD HEARTS,G,-NONE-,,,,,,,,,,,Cookie Land,,,,,,,,,,
MANTA GLIDER,G,-NONE-,,,,,,,,,,,-NONE-,,,,,,,,,,
TREASURE MAP,G,-NONE-,,,,,,,,,,,-NONE-,,,,,,,,,,
BUTTERFLY WINGS,G,-NONE-,,,,,,,,,,,-NONE-,,,,,,,,,,
GREAT SAIL,G,-NONE-,,,,,,,,,,,-NONE-,,,,,,,,,,
FESTIVAL WINGS,G,RMX Donut Plains 1R,,,,,,,,,,,RMX Donut Plains 1T,,,,,,,,,,
8-BIT STAR,G,-NONE-,,,,,,,,,,,Battle Course 1,,,,,,,,,,
SUPER MARIO KART GLIDER,G,Battle Course 1,,,,,,,,,,,-NONE-,,,,,,,,,,
STAR-SPANGLED GLIDER,G,-NONE-,,,,,,,,,,,-NONE-,,,,,,,,,,
SPIDER GLIDER,G,-NONE-,,,,,,,,,,,-NONE-,,,,,,,,,,
SUNSET BALLOONS,G,-NONE-,,,,,,,,,,,-NONE-,,,,,,,,,,
SWOOPER,G,-NONE-,,,,,,,,,,,-NONE-,,,,,,,,,,
BULLET BILL PARACHUTE,G,-NONE-,,,,,,,,,,,-NONE-,,,,,,,,,,
CLOUD GLIDER,G,-NONE-,,,,,,,,,,,-NONE-,,,,,,,,,,
RAINY BALLOONS,G,-NONE-,,,,,,,,,,,-NONE-,,,,,,,,,,
WICKED WINGS,G,-NONE-,,,,,,,,,,,-NONE-,,,,,,,,,,
GOLD SWOOPER,G,-NONE-,,,,,,,,,,,-NONE-,,,,,,,,,,
BANANA WINGTIP,G,-NONE-,,,,,,,,,,,-NONE-,,,,,,,,,,
TROPICAL GLIDER,G,-NONE-,,,,,,,,,,,-NONE-,,,,,,,,,,
DRAGON WINGS,G,-NONE-,,,,,,,,,,,-NONE-,,,,,,,,,,
BLOOPER WINGTIP,G,-NONE-,,,,,,,,,,,-NONE-,,,,,,,,,,
NABBIT OILPAPER UMBRELLA,G,-NONE-,,,,,,,,,,,-NONE-,,,,,,,,,,
CHEEP CHEEP MASKS,G,-NONE-,,,,,,,,,,,-NONE-,,,,,,,,,,
BABY MARIO HANAFUDA,G,-NONE-,,,,,,,,,,,Battle Course 1,,,,,,,,,,
YOSHI'S EGG HANAFUDA,G,-NONE-,,,,,,,,,,,-NONE-,,,,,,,,,,
PEACH HANAFUDA,G,Cookie Land,,,,,,,,,,,-NONE-,,,,,,,,,,
BARREL HANAFUDA,G,-NONE-,,,,,,,,,,,-NONE-,,,,,,,,,,
BLOOPER HANAFUDA,G,-NONE-,,,,,,,,,,,-NONE-,,,,,,,,,,
CAPE MARIO HANAFUDA,G,Battle Course 1,,,,,,,,,,,-NONE-,,,,,,,,,,
BULLET BILL HANAFUDA,G,-NONE-,,,,,,,,,,,-NONE-,,,,,,,,,,
BOO HANAFUDA,G,-NONE-,,,,,,,,,,,-NONE-,,,,,,,,,,
PIRANHA PLANT HANAFUDA,G,-NONE-,,,,,,,,,,,-NONE-,,,,,,,,,,
GOOMBA HANAFUDA,G,-NONE-,,,,,,,,,,,-NONE-,,,,,,,,,,
JUMPING MARIO HANAFUDA,G,-NONE-,,,,,,,,,,,-NONE-,,,,,,,,,,
JOLLY BELLS,G,-NONE-,,,,,,,,,,,-NONE-,,,,,,,,,,
SILVER STARCHUTE,G,-NONE-,,,,,,,,,,,-NONE-,,,,,,,,,,
BOWSER HANAFUDA,G,-NONE-,,,,,,,,,,,-NONE-,,,,,,,,,,
BUTTERFLY PRISM,G,-NONE-,,,,,,,,,,,-NONE-,,,,,,,,,,
PLANET GLIDER,G,-NONE-,,,,,,,,,,,-NONE-,,,,,,,,,,
NEW YEAR'S 2021,G,-NONE-,,,,,,,,,,,-NONE-,,,,,,,,,,
DRY BOWSER UMBRELLA,G,-NONE-,,,,,,,,,,,-NONE-,,,,,,,,,,
GOLD NEW YEAR'S KITE,G,-NONE-,,,,,,,,,,,-NONE-,,,,,,,,,,
PENGUIN WINGTIP,G,-NONE-,,,,,,,,,,,-NONE-,,,,,,,,,,
TOE-BEAN BALLOONS,G,Cookie Land,,,,,,,,,,,-NONE-,,,,,,,,,,
CALICO PARAFOIL,G,-NONE-,,,,,,,,,,,-NONE-,,,,,,,,,,
BLACK GREAT SAIL,G,-NONE-,,,,,,,,,,,-NONE-,,,,,,,,,,
SILVER MANTA GLIDER,G,-NONE-,,,,,,,,,,,-NONE-,,,,,,,,,,
ROSE PARASOL,G,-NONE-,,,,,,,,,,,-NONE-,,,,,,,,,,
SNOW CRYSTALS,G,-NONE-,,,,,,,,,,,-NONE-,,,,,,,,,,
MUSHROOM GLIDER,G,-NONE-,,,,,,,,,,,Battle Course 1,,,,,,,,,,
8-BIT FIRE FLOWER,G,-NONE-,,,,,,,,,,,-NONE-,,,,,,,,,,
BRIGHT BALLOONS,G,-NONE-,,,,,,,,,,,-NONE-,,,,,,,,,,
NINJA SCROLL,G,-NONE-,,,,,,,,,,,-NONE-,,,,,,,,,,
SURF MASTER,G,-NONE-,,,,,,,,,,,-NONE-,,,,,,,,,,
STARRY GREAT SAIL,G,-NONE-,,,,,,,,,,,-NONE-,,,,,,,,,,
BLACK TOE-BEAN BALLOONS,G,-NONE-,,,,,,,,,,,-NONE-,,,,,,,,,,
8-BIT BULLET BILL,G,Battle Course 1,,,,,,,,,,,-NONE-,,,,,,,,,,
GLINTING GLIDER,G,Cookie Land,,,,,,,,,,,-NONE-,,,,,,,,,,
FLYING EASEL,G,-NONE-,,,,,,,,,,,-NONE-,,,,,,,,,,
SUNNY SURF MASTER,G,-NONE-,,,,,,,,,,,-NONE-,,,,,,,,,,
POLKA-DOT MANTA GLIDER,G,-NONE-,,,,,,,,,,,-NONE-,,,,,,,,,,
HOME-FIELD GLIDER,G,-NONE-,,,,,,,,,,,-NONE-,,,,,,,,,,
GOLD HOME-FIELD GLIDER,G,-NONE-,,,,,,,,,,,-NONE-,,,,,,,,,,
SPRINGTIME CRANE,G,-NONE-,,,,,,,,,,,-NONE-,,,,,,,,,,
YUKATA RIBBON,G,-NONE-,,,,,,,,,,,-NONE-,,,,,,,,,,
DREAM GLIDER,G,-NONE-,,,,,,,,,,,-NONE-,,,,,,,,,,
SILVER SURF MASTER,G,-NONE-,,,,,,,,,,,-NONE-,,,,,,,,,,
SHIP'S WHEEL,G,-NONE-,,,,,,,,,,,-NONE-,,,,,,,,,,
TANOOKI PARAFOIL,G,-NONE-,,,,,,,,,,,-NONE-,,,,,,,,,,
GOLD TANOOKI PARAFOIL,G,-NONE-,,,,,,,,,,,-NONE-,,,,,,,,,,
GOLDEN WINGS,G,RMX Donut Plains 1T,,,,,,,,,,,Battle Course 1,,,,,,,,,,
VAMPIRE WINGS,G,-NONE-,,,,,,,,,,,-NONE-,,,,,,,,,,
MAGIC PARASOL,G,-NONE-,,,,,,,,,,,-NONE-,,,,,,,,,,
8-BIT SUPER MUSHROOM,G,-NONE-,,,,,,,,,,,-NONE-,,,,,,,,,,
METEOR BALLOONS,G,-NONE-,,,,,,,,,,,-NONE-,,,,,,,,,,
PINK GOLD METEORS,G,-NONE-,,,,,,,,,,,RMX Donut Plains 1RT,RMX Donut Plains 1T,,,,,,,,,
GALAXY GLIDER,G,-NONE-,,,,,,,,,,,RMX Donut Plains 1T,,,,,,,,,,
CANDLELIGHT FLIGHT,G,-NONE-,,,,,,,,,,,-NONE-,,,,,,,,,,
GOLD PENGUIN WINGTIP,G,-NONE-,,,,,,,,,,,-NONE-,,,,,,,,,,
AURORA BALLOONS,G,-NONE-,,,,,,,,,,,-NONE-,,,,,,,,,,
NEW YEAR'S 2022,G,-NONE-,,,,,,,,,,,-NONE-,,,,,,,,,,
BLACK CAT PARAFOIL,G,-NONE-,,,,,,,,,,,-NONE-,,,,,,,,,,
CAT PARAFOIL,G,Cookie Land,,,,,,,,,,,-NONE-,,,,,,,,,,
GOLD TOE-BEAN BALLOONS,G,-NONE-,,,,,,,,,,,Cookie Land,RMX Donut Plains 1RT,RMX Donut Plains 1R,,,,,,,,
GLITTERING PARASOL,G,-NONE-,,,,,,,,,,,RMX Donut Plains 1RT,,,,,,,,,,
LUIGI PARAFOIL,G,-NONE-,,,,,,,,,,,Battle Course 1,,,,,,,,,,
WARIO'S MUSTACHE,G,-NONE-,,,,,,,,,,,-NONE-,,,,,,,,,,
WALUIGI'S MUSTACHE,G,-NONE-,,,,,,,,,,,-NONE-,,,,,,,,,,
SKY-HIGH FLYER,G,RMX Donut Plains 1R,,,,,,,,,,,RMX Donut Plains 1,Battle Course 1,,,,,,,,,
RECORD SETTER,G,-NONE-,,,,,,,,,,,-NONE-,,,,,,,,,,
WONDERFUL WINGS,G,RMX Donut Plains 1T,,,,,,,,,,,RMX Donut Plains 1,,,,,,,,,,
MARIO'S MUSTACHE,G,Battle Course 1,,,,,,,,,,,RMX Donut Plains 1R,,,,,,,,,,
LUIGI'S MUSTACHE,G,RMX Donut Plains 1RT,,,,,,,,,,,Donut Plains 1RT,Cookie Land,,,,,,,,,
ORIGAMI GLIDER,G,Battle Course 1,,,,,,,,,,,RMX Donut Plains 1T,,,,,,,,,,
SAKURA ORIGAMI GLIDER,G,RMX Donut Plains 1R,,,,,,,,,,,Battle Course 1,RMX Donut Plains 1RT,,,,,,,,,
GOLD EGGSHELL GLIDER,G,RMX Donut Plains 1T,,,,,,,,,,,Donut Plains 1RT,Cookie Land,,,,,,,,,
GREEN SPROUT,G,-NONE-,,,,,,,,,,,Cookie Land,,,,,,,,,,
MAGNIFLYING GLASS,G,RMX Donut Plains 1RT,,,,,,,,,,,Cookie Land,,,,,,,,,,
FLYBRARY BOOK,G,Cookie Land,,,,,,,,,,,-NONE-,,,,,,,,,,
PINK MAGNIFLYING GLASS,G,Cookie Land,RMX Donut Plains 1R,,,,,,,,,,RMX Donut Plains 1,,,,,,,,,,
WICKED TOPAZ,G,Choco Mountain,Choco Mountain T,,,,,,,,,,Battle Course 1,,,,,,,,,,
CREAM TOE-BEAN BALLOONS,G,Donut Plains 2RT,,,,,,,,,,,Cookie Land,Battle Course 1,,,,,,,,,
GREEN CAT PARAFOIL,G,RMX Donut Plains 1,RMX Donut Plains 1T,,,,,,,,,,Battle Course 1,RMX Donut Plains 1R,,,,,,,,,
CANDLELIGHT FLIGHT CAKE,G,RMX Donut Plains 1,Cookie Land,,,,,,,,,,RMX Choco Island 1RT,RMX Donut Plains 1RT,,,,,,,,,
PRETZEL GLIDER,G,Battle Course 1,,,,,,,,,,,RMX Donut Plains 1,,,,,,,,,,
TULIP CORSAGE,G,Donut Plains 1,RMX Donut Plains 1,RMX Donut Plains 1R,,,,,,,,,RMX Donut Plains 1RT,RMX Donut Plains 1T,,,,,,,,,
RED AND GOLD UMBRELLA,G,RMX Donut Plains 1,,,,,,,,,,,Cookie Land,RMX Donut Plains 1R,,,,,,,,,
8-BIT 1-UP MUSHROOM,G,RMX Donut Plains 1,Battle Course 1,,,,,,,,,,RMX Donut Plains 1T,,,,,,,,,,
PIRANHA PLANT BALLOONS,G,RMX Choco Island 1RT,,,,,,,,,,,Choco Island 1T,Battle Course 1,,,,,,,,,
SECRET SCROLL,G,Cookie Land,RMX Donut Plains 1T,,,,,,,,,,RMX Donut Plains 1R,,,,,,,,,,
TROPICAL BALLOONS,G,Sunset Wilds,Cookie Land,RMX Donut Plains 1RT,,,,,,,,,RMX Donut Plains 1R,,,,,,,,,,
FIRE MANTA GLIDER,G,Sunset Wilds R,Cookie Land,RMX Donut Plains 1T,,,,,,,,,Sunset Wilds RT,RMX Donut Plains 1RT,,,,,,,,,
MINT & BERRY BALLOONS,G,RMX Choco Island 1RT,RMX Donut Plains 1,,,,,,,,,,Cookie Land,,,,,,,,,,
VANILLA & CHOCOLATE BALLOONS,G,Choco Island 1T,RMX Choco Island 1RT,RMX Donut Plains 1T,Cookie Land,,,,,,,,RMX Donut Plains 1RT,,,,,,,,,,
ICY MARIO'S MUSTACHE,G,RMX Ghost Valley 1R,RMX Donut Plains 1RT,,,,,,,,,,RMX Donut Plains 1,Battle Course 1,,,,,,,,,
FLYING FLAPPERS,G,RMX Ghost Valley 1,,,,,,,,,,,RMX Ghost Valley 1T,Battle Course 1,,,,,,,,,
LAVA ROCKS,G,Choco Mountain R,,,,,,,,,,,Choco Mountain,,,,,,,,,,
BLACK STARCHUTE,G,Choco Mountain R,RMX Ghost Valley 1RT,RMX Donut Plains 1RT,Battle Course 1,,,,,,,,Choco Mountain,RMX Ghost Valley 1R,,,,,,,,,
SILVER LUIGI'S MUSTACHE,G,Wario Shipyard T,Wario Shipyard R,Battle Course 1,RMX Donut Plains 1R,,,,,,,,RMX Donut Plains 1,,,,,,,,,,
BOO MASKS,G,Sunset Wilds,RMX Ghost Valley 1RT,Battle Course 1,,,,,,,,,Sunset Wilds RT,RMX Ghost Valley 1,RMX Ghost Valley 1R,,,,,,,,
MARIO'S HAT BALLOON,G,Donut Plains 1R,Choco Island 1R,Battle Course 1,,,,,,,,,Donut Plains 1RT,Choco Island 1RT,RMX Donut Plains 1,,,,,,,,
LUIGI'S HAT BALLOON,G,Donut Plains 1RT,Wario Shipyard R,Battle Course 1,RMX Donut Plains 1R,,,,,,,,Donut Plains 1,Wario Shipyard T,RMX Donut Plains 1RT,,,,,,,,
GOLD CLOUD BALLOONS,G,Donut Plains 2RT,RMX Donut Plains 1RT,Sunset Wilds RT,,,,,,,,,RMX Donut Plains 1,Sunset Wilds R,Battle Course 1,,,,,,,,
WHITE WAVES ORIGAMI GLIDER,G,RMX Ghost Valley 1RT,Wario Shipyard T,Wario Shipyard RT,Battle Course 1,,,,,,,,RMX Ghost Valley 1R,Wario Shipyard R,,,,,,,,,
CHOCOLATE PRETZEL,G,RMX Choco Island 1,Choco Mountain T,RMX Donut Plains 1,Cookie Land,,,Donut Plains 1R,Choco Mountain R,Donut Plains 2RT,RMX Choco Island 1RT,RMX Donut Plains 1T,Donut Plains 1R,Donut Plains 1RT,Choco Mountain R,Donut Plains 2RT,RMX Choco Island 1RT,Battle Course 1,RMX Donut Plains 1T,,,,
PARA-PANINI,G,Choco Island 2,Sunset Wilds T,RMX Ghost Valley 1,RMX Donut Plains 1RT,,,Choco Island 2T,Donut Plains 2,Sunset Wilds,RMX Ghost Valley 1RT,RMX Donut Plains 1R,Choco Island 2T,Sunset Wilds,Donut Plains 2,RMX Ghost Valley 1RT,Cookie Land,Battle Course 1,RMX Donut Plains 1R,,,,